<?xml version="1.0" encoding="UTF-8"?>
<!--
To change this license header, choose License Headers in Project Properties.
To change this template file, choose Tools | Templates
and open the template in the editor.
-->


<root>
    
    <message name="Calcule">
<part name="arg0" type="xsd:int"/>
</message>
<message name="CalculeResponse">
<part name="return" type="xsd:string"/>
</message>


<service name="CalculeImplService">
<port name="CalculeImplPort" binding="tns:CalculeImplPortBinding">
<soap:address location="http://localhost:9999/ws/calcule"/>
</port>
</service>
</root>
